{"cameraMode":{"drawMode":0,"name":"Shaded","section":"Shading Mode"},"sceneLighting":true,"audioPlay":false,"sceneViewState":{"m_AlwaysRefresh":false,"showFog":true,"showSkybox":true,"showFlares":true,"showImageEffects":true,"showParticleSystems":true,"showVisualEffectGraphs":true,"m_FxEnabled":true},"in2DMode":false,"pivot":{"x":-0.43860888481140139,"y":3.0101306438446047,"z":-0.20379233360290528},"rotation":{"x":-0.00003621455471147783,"y":0.9999619126319885,"z":-0.009309417568147183,"w":-0.004198433831334114},"size":5.978610038757324,"orthographic":false}