{"cameraMode":{"drawMode":0,"name":"Shaded","section":"Shading Mode"},"sceneLighting":true,"audioPlay":false,"sceneViewState":{"m_AlwaysRefresh":false,"showFog":true,"showSkybox":true,"showFlares":true,"showImageEffects":true,"showParticleSystems":true,"showVisualEffectGraphs":true,"m_FxEnabled":true},"in2DMode":false,"pivot":{"x":7.4616289138793949,"y":2.41937255859375,"z":-0.032617729157209399},"rotation":{"x":-0.36504173278808596,"y":0.2784392833709717,"z":-0.11531699448823929,"w":-0.8809765577316284},"size":16.821861267089845,"orthographic":false}