{"cameraMode":{"drawMode":0,"name":"Shaded","section":"Shading Mode"},"sceneLighting":true,"audioPlay":false,"sceneViewState":{"m_AlwaysRefresh":false,"showFog":true,"showSkybox":true,"showFlares":true,"showImageEffects":true,"showParticleSystems":true,"showVisualEffectGraphs":true,"m_FxEnabled":true},"in2DMode":false,"pivot":{"x":5.2787251472473148,"y":9.159500122070313,"z":-12.68818473815918},"rotation":{"x":0.16972897946834565,"y":0.6465514898300171,"z":-0.15872538089752198,"w":0.7277560830116272},"size":2.4981021881103517,"orthographic":false}