{"cameraMode":{"drawMode":0,"name":"Shaded","section":"Shading Mode"},"sceneLighting":false,"audioPlay":false,"sceneViewState":{"m_AlwaysRefresh":false,"showFog":true,"showSkybox":false,"showFlares":true,"showImageEffects":true,"showParticleSystems":true,"showVisualEffectGraphs":true,"m_FxEnabled":true},"in2DMode":false,"pivot":{"x":-0.35691624879837038,"y":1.477428913116455,"z":0.33455225825309756},"rotation":{"x":-0.0644419714808464,"y":-0.9354384541511536,"z":0.24575282633304597,"w":-0.24683481454849244},"size":1.4516432285308838,"orthographic":false}