{"cameraMode":{"drawMode":0,"name":"Shaded","section":"Shading Mode"},"sceneLighting":false,"audioPlay":false,"sceneViewState":{"m_AlwaysRefresh":false,"showFog":true,"showSkybox":false,"showFlares":true,"showImageEffects":true,"showParticleSystems":true,"showVisualEffectGraphs":true,"m_FxEnabled":true},"in2DMode":false,"pivot":{"x":-0.14545658230781556,"y":1.4839704036712647,"z":1.1278901100158692},"rotation":{"x":0.004953473340719938,"y":-0.9675543308258057,"z":0.2530456781387329,"w":0.017427105456590654},"size":1.4516432285308838,"orthographic":false}