{"cameraMode":{"drawMode":0,"name":"Shaded","section":"Shading Mode"},"sceneLighting":false,"audioPlay":false,"sceneViewState":{"m_AlwaysRefresh":false,"showFog":true,"showSkybox":false,"showFlares":true,"showImageEffects":true,"showParticleSystems":true,"showVisualEffectGraphs":true,"m_FxEnabled":true},"in2DMode":false,"pivot":{"x":-0.390052855014801,"y":0.9876400232315064,"z":0.16058087348937989},"rotation":{"x":-0.3196631371974945,"y":-0.19499944150447846,"z":0.06784021109342575,"w":-0.9250405430793762},"size":1.4516432285308838,"orthographic":false}